transaction_id,customer_id,product_id,quantity,price_per_unit,total_amount,transaction_date
1,15,58,4,182.87,731.48,2024-06-16 06:18:57
2,167,39,7,127.39,891.73,2024-06-28 07:03:52
3,17,129,10,141.28,1412.8,2025-01-16 23:44:09
4,19,124,9,368.42,3315.78,2024-12-25 04:36:40
5,122,47,4,427.72,1710.88,2024-08-31 23:57:39
6,50,45,5,442.38,2211.9,2025-01-27 23:19:41
7,94,63,8,353.86,2830.88,2024-07-13 03:38:14
8,91,132,4,38.36,153.44,2024-12-25 16:49:20
9,33,142,8,314.91,2519.28,2024-07-13 05:44:52
10,126,13,1,181.77,181.77,2024-08-29 21:33:51
11,57,29,5,291.73,1458.65,2025-04-18 22:39:54
12,108,47,8,427.72,3421.76,2025-06-08 22:40:07
13,128,148,6,262.24,1573.44,2025-04-13 23:34:12
14,60,89,9,227.31,2045.79,2024-07-28 18:37:00
15,18,94,10,185.42,1854.2,2024-11-21 15:11:30
16,71,84,4,8.79,35.16,2024-07-30 02:54:54
17,82,70,8,415.66,3325.28,2024-11-05 05:00:20
18,192,51,7,58.33,408.31,2024-10-28 05:56:24
19,152,64,5,279.5,1397.5,2025-05-24 02:26:36
20,118,149,6,421.86,2531.16,2025-03-06 10:21:27
21,20,64,1,279.5,279.5,2024-12-07 03:50:57
22,93,73,6,301.26,1807.56,2024-09-17 07:01:39
23,139,127,10,263.98,2639.8,2024-07-16 09:31:14
24,126,20,1,126.11,126.11,2024-09-18 07:50:49
25,74,144,7,249.35,1745.45,2025-06-01 19:41:12
26,114,46,1,478.27,478.27,2025-04-17 18:56:49
27,93,103,9,211.09,1899.81,2025-02-15 22:14:19
28,177,25,4,335.86,1343.44,2025-04-06 14:53:49
29,29,109,1,231.2,231.2,2025-05-26 17:16:34
30,29,87,7,154.18,1079.26,2025-04-09 05:30:54
31,54,82,9,152.93,1376.37,2024-11-03 16:56:58
32,28,133,5,215.29,1076.45,2025-01-23 16:13:27
33,125,117,10,237.06,2370.6,2024-06-19 20:36:02
34,34,111,1,311.14,311.14,2025-03-11 05:43:29
35,68,92,2,411.3,822.6,2025-05-13 06:11:04
36,87,91,5,236.07,1180.35,2024-07-08 20:42:24
37,39,125,2,110.63,221.26,2024-09-28 12:56:15
38,72,114,10,428.44,4284.4,2024-12-01 02:59:54
39,152,148,3,262.24,786.72,2025-05-11 06:11:09
40,126,81,6,60.94,365.64,2024-10-27 23:21:11
41,126,65,4,329.21,1316.84,2024-07-22 00:12:45
42,45,8,9,251.75,2265.75,2025-01-29 09:20:46
43,76,110,4,268.67,1074.68,2024-11-15 19:45:21
44,4,85,9,418.74,3768.66,2025-02-17 16:30:30
45,123,100,1,483.01,483.01,2024-07-26 23:25:33
46,179,126,9,439.84,3958.56,2024-10-08 11:33:48
47,32,140,6,93.48,560.88,2024-10-29 11:50:31
48,9,47,3,427.72,1283.16,2025-03-27 17:44:53
49,74,13,5,181.77,908.85,2024-06-30 21:34:56
50,84,16,7,401.82,2812.74,2024-09-17 18:59:22
51,105,15,9,331.07,2979.63,2025-02-15 21:50:52
52,166,149,1,421.86,421.86,2024-09-15 02:00:13
53,32,7,3,206.25,618.75,2025-01-23 12:36:23
54,76,47,9,427.72,3849.48,2024-12-02 14:01:51
55,123,58,3,182.87,548.61,2025-01-02 06:25:37
56,37,27,9,281.7,2535.3,2024-09-26 11:57:11
57,149,51,7,58.33,408.31,2024-09-05 08:51:28
58,18,89,7,227.31,1591.17,2025-01-31 19:20:30
59,101,22,5,208.14,1040.7,2025-05-31 00:20:36
60,198,76,8,277.18,2217.44,2024-11-21 09:33:38
61,152,85,6,418.74,2512.44,2024-06-29 02:03:01
62,31,68,10,96.69,966.9,2024-09-25 02:45:09
63,162,130,8,369.26,2954.08,2025-02-14 18:31:16
64,1,40,6,463.97,2783.82,2025-04-08 06:59:39
65,78,130,8,369.26,2954.08,2024-12-05 16:57:57
66,29,30,7,356.97,2498.79,2024-10-01 13:44:52
67,111,10,2,471.81,943.62,2024-10-21 14:15:40
68,5,111,8,311.14,2489.12,2025-03-03 14:23:08
69,191,51,5,58.33,291.65,2025-05-10 03:39:02
70,154,17,1,206.19,206.19,2025-04-27 22:49:14
71,31,34,7,18.62,130.34,2025-03-15 12:33:52
72,22,92,1,411.3,411.3,2025-04-29 03:40:59
73,120,78,8,25.79,206.32,2025-03-27 14:25:39
74,138,65,1,329.21,329.21,2024-07-16 20:43:34
75,172,10,7,471.81,3302.67,2025-05-04 23:54:45
76,61,44,6,18.94,113.64,2025-04-30 01:45:37
77,79,137,3,415.48,1246.44,2024-11-03 22:47:15
78,174,105,3,303.61,910.83,2024-09-29 11:30:02
79,190,105,9,303.61,2732.49,2025-01-04 06:01:17
80,146,50,7,244.8,1713.6,2024-07-26 22:36:05
81,139,14,9,461.87,4156.83,2025-01-28 21:38:34
82,29,25,8,335.86,2686.88,2024-11-05 05:19:30
83,149,45,10,442.38,4423.8,2024-06-17 11:51:21
84,80,14,7,461.87,3233.09,2024-08-25 18:13:13
85,66,137,5,415.48,2077.4,2024-11-15 01:04:46
86,29,59,1,380.38,380.38,2024-12-24 05:50:56
87,180,133,7,215.29,1507.03,2024-11-09 19:42:02
88,6,88,4,496.69,1986.76,2024-12-24 01:21:50
89,170,19,1,214.27,214.27,2025-01-07 00:57:28
90,152,119,7,305.04,2135.28,2025-06-06 05:20:15
91,65,147,4,485.22,1940.88,2024-09-06 21:24:39
92,58,63,9,353.86,3184.74,2024-12-08 14:11:59
93,107,141,4,377.76,1511.04,2024-12-12 02:34:19
94,47,2,7,409.82,2868.74,2024-10-22 00:29:42
95,129,66,1,69.82,69.82,2025-02-14 04:19:18
96,51,107,6,302.83,1816.98,2024-11-12 09:22:12
97,186,72,10,103.07,1030.7,2024-06-22 16:29:18
98,121,23,1,289.92,289.92,2024-10-14 18:11:18
99,127,100,10,483.01,4830.1,2025-03-31 21:06:18
100,148,35,1,339.94,339.94,2025-01-18 00:45:43
101,149,17,3,206.19,618.57,2024-12-26 12:42:31
102,59,46,6,478.27,2869.62,2025-06-04 23:13:11
103,82,32,8,486.86,3894.88,2025-03-13 02:04:05
104,140,9,1,370.78,370.78,2024-10-25 06:41:48
105,40,10,10,471.81,4718.1,2025-03-11 12:36:06
106,145,20,7,126.11,882.77,2025-04-19 10:06:46
107,11,4,5,263.43,1317.15,2024-08-24 01:14:51
108,67,10,10,471.81,4718.1,2024-07-15 18:10:54
109,172,126,10,439.84,4398.4,2024-11-13 00:24:29
110,163,9,1,370.78,370.78,2025-04-10 08:10:50
111,170,33,6,293.29,1759.74,2025-03-09 17:59:06
112,122,42,9,57.64,518.76,2024-07-01 07:21:17
113,195,103,1,211.09,211.09,2025-04-07 01:57:37
114,122,103,7,211.09,1477.63,2025-01-18 23:26:57
115,152,82,1,152.93,152.93,2024-10-13 15:45:48
116,124,145,1,353.88,353.88,2024-11-23 16:00:51
117,90,97,8,178.73,1429.84,2024-07-16 02:10:26
118,36,109,7,231.2,1618.4,2025-04-02 19:56:28
119,34,80,4,184.31,737.24,2024-12-14 09:00:09
120,183,149,2,421.86,843.72,2024-10-08 05:56:57
121,110,112,5,206.56,1032.8,2025-04-10 05:35:47
122,188,145,10,353.88,3538.8,2025-06-09 02:30:23
123,33,125,7,110.63,774.41,2025-05-11 06:22:30
124,59,70,6,415.66,2493.96,2024-09-07 08:43:02
125,117,150,9,374.15,3367.35,2024-09-28 14:38:55
126,34,102,7,312.89,2190.23,2025-05-21 08:17:47
127,44,66,10,69.82,698.2,2025-01-27 10:02:51
128,47,8,7,251.75,1762.25,2024-08-23 22:41:03
129,4,138,5,356.85,1784.25,2024-09-03 01:47:02
130,29,55,6,205.67,1234.02,2024-12-16 10:42:31
131,182,42,6,57.64,345.84,2024-08-09 18:40:54
132,131,31,7,186.34,1304.38,2025-05-06 06:20:48
133,178,32,4,486.86,1947.44,2024-10-21 00:46:02
134,132,114,6,428.44,2570.64,2024-10-31 21:18:14
135,62,65,3,329.21,987.63,2024-11-15 23:17:56
136,16,150,10,374.15,3741.5,2024-12-25 07:46:17
137,47,40,8,463.97,3711.76,2025-06-10 03:16:33
138,156,79,7,481.46,3370.22,2024-07-25 23:33:19
139,176,70,1,415.66,415.66,2025-04-06 19:46:15
140,22,145,3,353.88,1061.64,2024-11-16 00:55:56
141,81,11,5,29.31,146.55,2024-07-23 05:50:41
142,60,53,6,28.08,168.48,2024-09-14 19:11:39
143,72,8,7,251.75,1762.25,2024-09-03 18:34:40
144,148,108,1,411.58,411.58,2024-11-28 19:23:56
145,196,148,7,262.24,1835.68,2024-09-01 11:37:36
146,169,19,4,214.27,857.08,2025-04-04 23:36:13
147,24,77,7,283.19,1982.33,2024-11-12 06:02:09
148,192,12,10,30.46,304.6,2024-09-12 08:12:16
149,122,4,1,263.43,263.43,2024-11-16 02:57:57
150,56,143,1,146.54,146.54,2024-06-29 05:28:28
151,1,136,6,393.07,2358.42,2025-03-25 16:17:31
152,152,67,3,414.71,1244.13,2025-05-05 08:07:31
153,180,139,6,102.5,615.0,2025-04-15 13:27:10
154,9,141,1,377.76,377.76,2024-11-16 19:27:19
155,35,134,5,236.58,1182.9,2025-05-15 08:03:06
156,32,23,9,289.92,2609.28,2024-07-05 19:18:19
157,108,49,8,84.13,673.04,2024-07-26 00:02:32
158,148,55,5,205.67,1028.35,2025-02-27 10:57:13
159,146,16,10,401.82,4018.2,2025-04-04 03:10:03
160,99,127,4,263.98,1055.92,2025-02-09 17:21:51
161,167,57,7,366.24,2563.68,2025-05-15 17:32:10
162,123,97,5,178.73,893.65,2025-01-17 10:17:42
163,145,18,3,364.28,1092.84,2025-04-16 07:08:34
164,197,140,2,93.48,186.96,2024-09-29 21:04:27
165,181,140,6,93.48,560.88,2025-03-04 01:40:04
166,51,77,1,283.19,283.19,2024-11-27 04:35:02
167,84,24,4,402.56,1610.24,2025-05-26 19:25:19
168,116,78,5,25.79,128.95,2025-05-02 14:58:33
169,8,143,10,146.54,1465.4,2024-12-17 10:33:18
170,113,100,8,483.01,3864.08,2025-05-15 06:34:02
171,174,42,1,57.64,57.64,2024-07-16 23:59:25
172,110,28,3,121.14,363.42,2024-08-28 03:03:54
173,60,127,6,263.98,1583.88,2025-03-02 03:56:19
174,89,105,10,303.61,3036.1,2025-02-21 08:56:52
175,15,98,4,184.08,736.32,2024-10-30 01:50:45
176,89,139,5,102.5,512.5,2024-12-19 07:29:19
177,123,79,5,481.46,2407.3,2024-11-03 01:17:23
178,65,123,2,92.14,184.28,2024-12-06 06:44:02
179,83,4,3,263.43,790.29,2024-08-28 21:44:37
180,45,78,1,25.79,25.79,2024-07-05 16:06:30
181,57,76,3,277.18,831.54,2024-10-04 00:33:46
182,78,45,7,442.38,3096.66,2025-02-08 00:45:29
183,43,52,4,137.43,549.72,2025-04-06 16:08:58
184,132,109,4,231.2,924.8,2024-08-24 08:00:15
185,141,73,8,301.26,2410.08,2024-11-04 05:32:39
186,23,71,10,83.04,830.4,2024-12-22 12:47:18
187,135,84,4,8.79,35.16,2025-04-21 11:35:16
188,194,104,3,159.39,478.17,2024-09-29 19:16:10
189,148,86,9,51.77,465.93,2025-04-09 18:12:36
190,47,133,4,215.29,861.16,2025-05-18 19:36:45
191,99,90,4,72.33,289.32,2024-07-02 13:40:57
192,152,86,10,51.77,517.7,2025-01-24 17:49:54
193,170,27,7,281.7,1971.9,2025-04-10 03:47:23
194,30,124,5,368.42,1842.1,2024-08-06 06:56:06
195,189,110,2,268.67,537.34,2025-01-15 17:19:27
196,175,13,5,181.77,908.85,2025-02-14 21:51:56
197,86,146,3,298.27,894.81,2024-12-02 11:14:19
198,24,79,4,481.46,1925.84,2025-04-14 04:59:18
199,151,19,2,214.27,428.54,2024-11-26 20:49:22
200,81,71,10,83.04,830.4,2024-10-28 20:28:00
201,19,139,7,102.5,717.5,2024-11-09 10:12:16
202,23,103,2,211.09,422.18,2024-12-19 15:38:42
203,97,143,5,146.54,732.7,2024-08-31 12:18:56
204,37,55,5,205.67,1028.35,2024-09-20 09:57:59
205,21,17,6,206.19,1237.14,2025-04-16 10:10:54
206,195,107,1,302.83,302.83,2024-06-14 13:58:18
207,30,99,5,7.97,39.85,2024-12-05 20:30:41
208,43,23,9,289.92,2609.28,2024-09-19 13:00:34
209,170,128,4,247.25,989.0,2025-01-01 21:20:17
210,160,72,5,103.07,515.35,2024-08-29 04:05:22
211,129,51,3,58.33,174.99,2024-11-06 16:44:50
212,133,32,7,486.86,3408.02,2025-02-02 04:22:27
213,74,87,10,154.18,1541.8,2025-06-11 19:09:42
214,168,104,3,159.39,478.17,2024-08-07 00:43:49
215,67,72,9,103.07,927.63,2025-03-26 11:35:44
216,12,122,7,22.42,156.94,2024-12-29 19:48:28
217,155,127,4,263.98,1055.92,2024-06-18 00:54:17
218,174,1,5,397.11,1985.55,2024-12-08 06:00:31
219,129,129,6,141.28,847.68,2024-12-26 15:48:03
220,187,65,9,329.21,2962.89,2024-07-27 05:28:40
221,144,6,9,451.62,4064.58,2024-07-20 07:13:36
222,101,110,6,268.67,1612.02,2025-02-17 12:10:03
223,77,106,2,440.86,881.72,2024-07-29 01:07:44
224,167,59,8,380.38,3043.04,2024-09-02 15:53:20
225,52,89,3,227.31,681.93,2024-09-13 15:31:10
226,41,86,10,51.77,517.7,2024-11-07 18:52:52
227,197,135,8,477.42,3819.36,2025-05-08 11:51:47
228,152,75,1,142.21,142.21,2024-07-22 17:16:50
229,25,90,1,72.33,72.33,2025-01-30 06:02:58
230,73,133,2,215.29,430.58,2025-04-19 17:34:00
231,171,41,2,266.76,533.52,2025-04-14 16:34:45
232,194,43,1,202.96,202.96,2025-06-06 23:16:53
233,142,115,2,53.9,107.8,2024-07-26 18:50:46
234,41,117,4,237.06,948.24,2025-03-24 03:52:10
235,75,123,8,92.14,737.12,2024-07-12 16:14:05
236,87,98,6,184.08,1104.48,2025-05-23 06:26:22
237,96,45,4,442.38,1769.52,2025-04-21 18:44:06
238,147,80,5,184.31,921.55,2025-01-18 19:56:29
239,123,5,6,411.17,2467.02,2025-06-04 13:10:10
240,140,37,2,135.58,271.16,2024-12-05 22:42:10
241,47,127,7,263.98,1847.86,2025-03-27 11:50:48
242,81,44,7,18.94,132.58,2024-10-22 18:06:55
243,102,100,7,483.01,3381.07,2025-02-05 11:37:44
244,103,148,8,262.24,2097.92,2024-08-19 13:20:53
245,193,51,2,58.33,116.66,2025-04-18 14:11:25
246,172,3,9,6.73,60.57,2024-11-27 20:07:26
247,164,2,4,409.82,1639.28,2024-07-02 03:48:28
248,45,41,2,266.76,533.52,2024-11-26 05:21:09
249,99,43,1,202.96,202.96,2025-04-26 04:11:55
250,20,76,3,277.18,831.54,2025-06-08 14:22:01
251,67,53,2,28.08,56.16,2024-10-03 02:25:51
252,150,98,6,184.08,1104.48,2025-03-19 15:02:20
253,16,47,5,427.72,2138.6,2024-07-07 19:44:13
254,85,94,6,185.42,1112.52,2024-06-26 02:27:17
255,128,34,5,18.62,93.1,2024-11-27 01:35:42
256,48,80,10,184.31,1843.1,2025-03-05 03:15:55
257,8,15,2,331.07,662.14,2024-09-23 20:44:45
258,192,49,2,84.13,168.26,2024-12-01 19:49:54
259,82,148,5,262.24,1311.2,2025-03-20 07:40:04
260,121,50,2,244.8,489.6,2024-11-19 21:57:30
261,189,121,1,427.07,427.07,2024-12-08 07:31:21
262,127,135,9,477.42,4296.78,2025-05-19 04:41:35
263,155,137,4,415.48,1661.92,2024-08-14 12:22:59
264,138,138,2,356.85,713.7,2024-07-12 00:33:49
265,111,62,8,379.43,3035.44,2025-01-30 23:28:30
266,96,147,6,485.22,2911.32,2024-11-08 04:46:25
267,21,132,5,38.36,191.8,2025-04-10 12:55:40
268,28,6,2,451.62,903.24,2024-10-11 05:29:22
269,159,106,1,440.86,440.86,2025-02-07 14:35:03
270,12,74,10,366.4,3664.0,2024-10-22 18:05:40
271,169,95,2,83.54,167.08,2025-05-29 06:42:49
272,63,113,1,114.04,114.04,2024-07-25 03:37:31
273,102,20,8,126.11,1008.88,2025-01-30 07:49:53
274,127,69,5,227.23,1136.15,2025-02-25 08:40:37
275,151,39,7,127.39,891.73,2025-04-19 09:16:53
276,107,81,6,60.94,365.64,2024-09-17 13:52:54
277,60,127,6,263.98,1583.88,2025-06-03 20:11:37
278,52,57,7,366.24,2563.68,2024-10-04 08:52:39
279,152,79,6,481.46,2888.76,2024-12-01 09:18:57
280,190,90,10,72.33,723.3,2025-02-21 00:18:51
281,188,6,1,451.62,451.62,2024-10-05 00:57:16
282,184,80,5,184.31,921.55,2024-12-30 14:50:48
283,90,128,3,247.25,741.75,2025-01-19 17:55:45
284,142,133,10,215.29,2152.9,2025-03-02 18:18:32
285,191,44,6,18.94,113.64,2025-04-01 02:40:25
286,75,21,3,341.49,1024.47,2025-04-21 22:04:31
287,36,90,6,72.33,433.98,2025-04-12 00:18:34
288,194,53,2,28.08,56.16,2024-12-28 14:42:17
289,8,137,9,415.48,3739.32,2025-05-10 01:30:43
290,70,94,3,185.42,556.26,2024-12-24 01:42:37
291,189,63,7,353.86,2477.02,2024-11-01 18:15:55
292,175,117,4,237.06,948.24,2025-05-19 19:41:33
293,20,60,5,289.4,1447.0,2024-11-09 00:28:27
294,16,50,2,244.8,489.6,2024-07-09 07:45:57
295,152,10,5,471.81,2359.05,2025-04-20 17:50:21
296,114,98,4,184.08,736.32,2025-01-13 05:15:17
297,112,110,5,268.67,1343.35,2024-12-20 17:50:12
298,106,73,1,301.26,301.26,2025-03-16 01:58:36
299,159,3,1,6.73,6.73,2025-03-10 06:49:32
300,92,99,10,7.97,79.7,2025-04-23 19:06:35
301,7,124,4,368.42,1473.68,2024-12-08 05:27:39
302,135,16,4,401.82,1607.28,2025-05-08 22:46:32
303,76,108,8,411.58,3292.64,2024-10-29 21:54:58
304,127,149,2,421.86,843.72,2024-08-23 23:18:19
305,113,26,6,326.35,1958.1,2024-10-10 03:30:21
306,65,94,7,185.42,1297.94,2024-10-25 00:53:16
307,35,4,3,263.43,790.29,2025-03-12 17:59:29
308,180,111,4,311.14,1244.56,2025-01-02 18:32:11
309,119,101,4,326.87,1307.48,2024-12-28 18:38:45
310,151,49,4,84.13,336.52,2024-10-04 10:29:09
311,139,27,5,281.7,1408.5,2024-07-16 23:59:58
312,145,79,6,481.46,2888.76,2025-05-23 06:45:26
313,119,137,7,415.48,2908.36,2025-05-25 18:55:54
314,136,23,2,289.92,579.84,2025-02-16 09:59:32
315,132,97,7,178.73,1251.11,2024-10-14 13:23:55
316,136,146,3,298.27,894.81,2024-08-14 15:33:30
317,27,118,7,176.92,1238.44,2024-10-19 13:09:40
318,79,143,7,146.54,1025.78,2025-04-06 20:43:02
319,30,60,3,289.4,868.2,2025-02-26 18:01:55
320,32,58,10,182.87,1828.7,2025-01-10 06:09:18
321,122,138,6,356.85,2141.1,2024-11-07 10:43:49
322,32,82,8,152.93,1223.44,2025-01-12 20:02:30
323,123,86,10,51.77,517.7,2024-07-25 11:04:18
324,121,128,3,247.25,741.75,2025-01-01 10:35:29
325,164,73,1,301.26,301.26,2024-12-24 14:24:58
326,141,15,6,331.07,1986.42,2025-01-31 16:39:02
327,23,148,3,262.24,786.72,2025-01-16 20:20:58
328,163,14,5,461.87,2309.35,2024-11-09 17:42:24
329,146,136,5,393.07,1965.35,2025-05-02 18:36:46
330,165,80,9,184.31,1658.79,2024-10-02 14:09:19
331,199,116,5,65.12,325.6,2025-02-19 09:45:58
332,38,142,7,314.91,2204.37,2025-01-19 13:51:02
333,181,93,2,491.0,982.0,2024-12-10 08:20:50
334,100,9,8,370.78,2966.24,2024-10-18 01:51:21
335,122,49,8,84.13,673.04,2024-11-30 06:28:16
336,97,82,5,152.93,764.65,2025-01-31 09:51:52
337,76,121,2,427.07,854.14,2025-02-12 02:09:59
338,12,145,7,353.88,2477.16,2024-09-13 10:25:51
339,100,136,3,393.07,1179.21,2025-02-14 00:23:48
340,156,29,8,291.73,2333.84,2024-12-03 17:25:40
341,73,125,5,110.63,553.15,2024-08-07 22:45:48
342,170,135,2,477.42,954.84,2024-07-18 07:43:37
343,171,101,8,326.87,2614.96,2025-02-28 17:36:06
344,12,40,6,463.97,2783.82,2024-12-18 10:49:38
345,154,42,3,57.64,172.92,2025-01-15 15:24:48
346,36,71,9,83.04,747.36,2024-07-21 03:02:35
347,189,97,1,178.73,178.73,2024-09-06 15:50:03
348,52,100,7,483.01,3381.07,2024-08-27 08:12:49
349,6,10,6,471.81,2830.86,2025-01-05 07:18:20
350,136,7,5,206.25,1031.25,2024-08-10 16:22:24
351,132,114,6,428.44,2570.64,2024-07-16 18:17:34
352,1,117,6,237.06,1422.36,2025-04-08 16:03:34
353,15,103,4,211.09,844.36,2024-12-19 19:11:19
354,4,97,2,178.73,357.46,2024-12-13 11:57:56
355,187,21,2,341.49,682.98,2025-05-24 07:16:33
356,154,47,10,427.72,4277.2,2024-07-16 11:52:15
357,27,24,9,402.56,3623.04,2025-02-08 15:46:48
358,187,3,3,6.73,20.19,2024-07-12 23:30:19
359,2,116,4,65.12,260.48,2025-02-23 18:21:46
360,55,42,10,57.64,576.4,2025-05-05 00:23:31
361,90,89,5,227.31,1136.55,2024-12-25 15:29:32
362,108,25,2,335.86,671.72,2025-03-30 11:44:12
363,51,47,3,427.72,1283.16,2024-09-19 05:59:42
364,174,36,2,425.2,850.4,2025-02-08 10:32:19
365,81,78,9,25.79,232.11,2024-10-05 01:30:36
366,96,52,1,137.43,137.43,2024-11-30 01:50:51
367,151,39,3,127.39,382.17,2025-01-03 13:20:16
368,106,142,2,314.91,629.82,2024-09-16 22:20:50
369,177,91,7,236.07,1652.49,2024-10-17 14:50:29
370,148,18,10,364.28,3642.8,2024-08-24 02:20:46
371,69,26,5,326.35,1631.75,2024-09-22 00:17:50
372,146,13,3,181.77,545.31,2025-02-18 04:35:14
373,1,91,10,236.07,2360.7,2024-11-07 02:47:28
374,160,41,5,266.76,1333.8,2025-06-03 08:28:15
375,188,68,4,96.69,386.76,2025-04-12 13:43:29
376,14,118,4,176.92,707.68,2025-03-02 18:06:57
377,93,7,2,206.25,412.5,2025-01-27 09:07:42
378,154,60,9,289.4,2604.6,2024-08-22 22:36:16
379,42,99,7,7.97,55.79,2024-10-12 11:06:43
380,103,12,3,30.46,91.38,2025-05-27 11:45:17
381,35,45,8,442.38,3539.04,2024-10-11 01:58:04
382,27,118,10,176.92,1769.2,2024-10-17 18:32:43
383,6,79,7,481.46,3370.22,2024-11-04 18:36:03
384,105,58,10,182.87,1828.7,2025-04-29 06:27:44
385,158,36,2,425.2,850.4,2025-01-18 00:28:05
386,73,82,4,152.93,611.72,2024-07-12 08:35:18
387,172,125,9,110.63,995.67,2024-11-14 11:58:25
388,51,112,7,206.56,1445.92,2024-09-21 23:02:07
389,154,109,2,231.2,462.4,2025-06-09 14:05:14
390,103,33,10,293.29,2932.9,2025-04-07 22:49:17
391,190,126,6,439.84,2639.04,2024-09-12 12:38:17
392,159,47,2,427.72,855.44,2024-10-31 06:11:49
393,172,132,8,38.36,306.88,2025-01-20 21:24:24
394,81,144,3,249.35,748.05,2025-01-12 19:03:22
395,99,88,9,496.69,4470.21,2024-11-16 21:27:40
396,36,129,7,141.28,988.96,2025-05-21 12:41:24
397,150,50,5,244.8,1224.0,2025-03-19 21:04:05
398,194,85,2,418.74,837.48,2025-05-29 20:48:15
399,186,25,6,335.86,2015.16,2025-03-12 16:39:57
400,162,17,9,206.19,1855.71,2025-01-18 01:07:08
401,181,113,7,114.04,798.28,2024-08-03 20:41:06
402,152,133,6,215.29,1291.74,2024-12-02 02:49:44
403,130,138,3,356.85,1070.55,2024-10-31 01:20:16
404,84,96,10,300.8,3008.0,2025-03-29 04:36:50
405,72,9,2,370.78,741.56,2025-05-06 08:00:37
406,68,149,3,421.86,1265.58,2025-03-30 13:26:34
407,23,26,9,326.35,2937.15,2025-01-13 04:07:57
408,173,65,3,329.21,987.63,2024-09-29 18:31:41
409,97,28,6,121.14,726.84,2025-04-02 03:40:33
410,124,113,4,114.04,456.16,2025-04-11 10:30:34
411,190,46,7,478.27,3347.89,2024-11-25 08:50:50
412,114,95,4,83.54,334.16,2025-02-19 07:41:35
413,96,129,10,141.28,1412.8,2025-05-03 17:44:11
414,92,82,6,152.93,917.58,2024-10-20 23:33:06
415,118,1,3,397.11,1191.33,2024-11-01 12:37:59
416,131,80,6,184.31,1105.86,2025-03-05 11:49:18
417,59,99,1,7.97,7.97,2024-11-17 04:16:18
418,8,49,3,84.13,252.39,2025-01-26 06:20:13
419,93,24,9,402.56,3623.04,2024-12-15 19:27:19
420,14,67,6,414.71,2488.26,2024-11-17 03:32:22
421,186,53,7,28.08,196.56,2025-04-30 18:50:00
422,3,40,7,463.97,3247.79,2025-03-06 23:03:18
423,190,18,1,364.28,364.28,2024-07-16 03:56:40
424,106,103,10,211.09,2110.9,2025-01-08 20:03:47
425,119,137,8,415.48,3323.84,2024-09-28 12:58:34
426,178,40,4,463.97,1855.88,2024-08-02 22:49:37
427,119,28,2,121.14,242.28,2025-05-05 12:51:07
428,83,101,3,326.87,980.61,2024-06-19 13:25:03
429,64,112,8,206.56,1652.48,2025-01-11 23:09:28
430,117,75,1,142.21,142.21,2024-07-14 07:40:22
431,59,107,10,302.83,3028.3,2025-01-21 19:35:29
432,158,143,9,146.54,1318.86,2024-07-12 14:53:28
433,23,41,7,266.76,1867.32,2024-08-14 03:10:33
434,27,92,4,411.3,1645.2,2024-08-29 23:37:44
435,147,122,3,22.42,67.26,2024-07-08 15:37:54
436,80,115,7,53.9,377.3,2025-01-29 15:36:34
437,89,135,6,477.42,2864.52,2024-07-03 07:56:40
438,97,70,4,415.66,1662.64,2024-09-24 09:17:45
439,77,44,6,18.94,113.64,2025-05-01 04:53:10
440,110,38,2,67.02,134.04,2024-07-29 20:48:50
441,171,133,3,215.29,645.87,2024-07-04 07:51:26
442,162,44,3,18.94,56.82,2025-05-18 21:20:13
443,160,111,7,311.14,2177.98,2024-06-14 06:21:38
444,52,71,5,83.04,415.2,2024-10-29 09:13:55
445,126,149,7,421.86,2953.02,2025-03-07 20:49:12
446,158,11,3,29.31,87.93,2025-05-27 00:57:17
447,21,39,7,127.39,891.73,2024-12-13 19:27:40
448,143,24,9,402.56,3623.04,2025-03-08 20:32:25
449,116,18,2,364.28,728.56,2024-12-20 17:29:48
450,152,5,8,411.17,3289.36,2024-07-10 05:14:41
451,4,25,8,335.86,2686.88,2024-06-25 11:10:18
452,137,90,1,72.33,72.33,2025-05-20 01:32:14
453,92,137,2,415.48,830.96,2024-09-20 12:01:49
454,40,61,10,113.44,1134.4,2025-01-10 11:17:26
455,29,41,4,266.76,1067.04,2024-09-17 10:59:08
456,136,95,2,83.54,167.08,2025-01-18 19:44:47
457,198,10,1,471.81,471.81,2024-09-20 21:00:15
458,130,13,10,181.77,1817.7,2024-07-20 02:18:37
459,164,2,9,409.82,3688.38,2024-10-12 07:38:07
460,90,87,3,154.18,462.54,2024-08-29 12:06:39
461,38,59,7,380.38,2662.66,2025-05-06 06:54:30
462,42,60,1,289.4,289.4,2025-04-25 10:32:58
463,162,22,2,208.14,416.28,2025-04-06 21:11:51
464,28,144,6,249.35,1496.1,2024-09-22 13:17:50
465,170,65,6,329.21,1975.26,2024-08-20 22:57:23
466,90,49,6,84.13,504.78,2024-07-27 04:04:34
467,90,66,5,69.82,349.1,2025-06-03 03:51:41
468,63,136,9,393.07,3537.63,2025-01-25 09:13:15
469,49,84,7,8.79,61.53,2025-04-12 15:41:01
470,129,15,5,331.07,1655.35,2025-05-11 05:49:00
471,20,43,4,202.96,811.84,2024-06-14 02:31:29
472,99,76,9,277.18,2494.62,2024-06-13 02:49:03
473,53,81,8,60.94,487.52,2024-06-28 06:54:55
474,56,77,10,283.19,2831.9,2024-07-19 22:41:43
475,22,132,4,38.36,153.44,2025-01-19 06:02:32
476,109,54,8,194.43,1555.44,2024-07-28 09:17:09
477,13,75,8,142.21,1137.68,2025-02-24 13:31:41
478,187,65,9,329.21,2962.89,2025-02-03 15:32:09
479,169,50,2,244.8,489.6,2025-06-06 14:39:26
480,98,76,5,277.18,1385.9,2024-11-14 14:09:53
481,150,100,10,483.01,4830.1,2025-05-01 20:13:43
482,77,50,4,244.8,979.2,2024-08-07 09:31:33
483,82,79,8,481.46,3851.68,2025-01-27 11:27:02
484,44,134,2,236.58,473.16,2025-04-21 01:19:31
485,107,144,2,249.35,498.7,2024-08-11 06:51:31
486,138,99,9,7.97,71.73,2024-12-26 20:38:39
487,84,127,4,263.98,1055.92,2024-07-12 17:34:18
488,98,62,8,379.43,3035.44,2024-11-23 03:37:07
489,168,51,6,58.33,349.98,2025-05-19 15:22:27
490,64,111,2,311.14,622.28,2024-08-28 23:56:57
491,9,21,8,341.49,2731.92,2025-05-30 17:54:27
492,59,141,9,377.76,3399.84,2024-07-29 21:53:45
493,92,81,1,60.94,60.94,2025-03-19 18:07:11
494,97,11,1,29.31,29.31,2024-08-17 18:26:42
495,179,38,9,67.02,603.18,2024-06-29 22:31:03
496,8,18,2,364.28,728.56,2025-03-14 00:33:42
497,70,16,4,401.82,1607.28,2024-07-09 14:24:44
498,145,30,4,356.97,1427.88,2025-01-02 17:03:56
499,84,134,4,236.58,946.32,2025-02-07 17:35:42
500,141,107,7,302.83,2119.81,2024-07-30 16:51:17
501,56,112,6,206.56,1239.36,2025-05-06 20:47:35
502,157,125,2,110.63,221.26,2025-02-04 18:10:39
503,166,132,5,38.36,191.8,2025-02-28 08:34:43
504,30,139,8,102.5,820.0,2024-11-05 04:17:21
505,88,137,10,415.48,4154.8,2024-12-24 20:42:58
506,182,57,10,366.24,3662.4,2024-12-13 01:03:28
507,121,113,5,114.04,570.2,2024-06-17 11:49:34
508,197,1,2,397.11,794.22,2024-12-11 05:37:27
509,154,52,3,137.43,412.29,2024-09-17 22:03:57
510,80,104,8,159.39,1275.12,2024-12-13 04:15:13
511,49,51,9,58.33,524.97,2025-05-14 15:43:00
512,2,97,9,178.73,1608.57,2025-03-25 17:13:21
513,186,58,4,182.87,731.48,2024-11-25 08:07:21
514,5,50,6,244.8,1468.8,2025-04-29 05:39:45
515,130,133,4,215.29,861.16,2025-01-21 01:24:35
516,42,74,9,366.4,3297.6,2025-04-02 05:31:03
517,154,26,9,326.35,2937.15,2024-07-21 20:21:58
518,199,19,4,214.27,857.08,2024-09-06 17:03:59
519,36,11,6,29.31,175.86,2024-07-26 09:41:44
520,19,102,8,312.89,2503.12,2024-09-11 16:08:14
521,27,83,5,169.97,849.85,2024-10-23 19:54:12
522,58,97,2,178.73,357.46,2025-04-10 19:23:46
523,23,34,6,18.62,111.72,2024-08-29 13:25:05
524,80,62,3,379.43,1138.29,2025-05-13 16:49:22
525,137,140,8,93.48,747.84,2024-08-11 12:01:21
526,85,80,10,184.31,1843.1,2024-06-30 06:20:15
527,119,123,4,92.14,368.56,2025-01-29 00:08:24
528,21,79,2,481.46,962.92,2024-12-03 22:00:34
529,65,106,5,440.86,2204.3,2025-01-24 23:39:50
530,197,141,3,377.76,1133.28,2024-09-03 21:45:13
531,33,74,9,366.4,3297.6,2024-12-09 04:15:00
532,146,2,4,409.82,1639.28,2024-08-17 14:50:41
533,114,54,5,194.43,972.15,2024-10-17 03:38:23
534,119,16,4,401.82,1607.28,2025-01-29 22:53:53
535,159,71,1,83.04,83.04,2025-02-17 09:23:48
536,174,95,4,83.54,334.16,2025-03-16 21:28:01
537,39,66,9,69.82,628.38,2024-09-25 06:43:32
538,175,87,10,154.18,1541.8,2025-03-28 19:11:44
539,113,36,4,425.2,1700.8,2025-01-02 03:34:06
540,32,107,2,302.83,605.66,2024-11-26 21:38:13
541,136,6,2,451.62,903.24,2024-10-14 00:11:18
542,105,80,5,184.31,921.55,2024-12-25 04:31:02
543,169,18,1,364.28,364.28,2025-01-14 07:09:30
544,72,136,4,393.07,1572.28,2025-05-27 13:52:57
545,61,127,1,263.98,263.98,2024-12-30 09:22:50
546,46,10,10,471.81,4718.1,2024-09-18 08:40:43
547,107,55,4,205.67,822.68,2025-05-17 19:14:37
548,71,114,7,428.44,2999.08,2024-12-11 07:58:50
549,37,64,10,279.5,2795.0,2024-07-17 14:03:59
550,88,139,5,102.5,512.5,2025-01-29 18:30:25
551,11,58,6,182.87,1097.22,2025-05-19 22:38:06
552,54,86,10,51.77,517.7,2024-09-27 06:30:48
553,25,17,9,206.19,1855.71,2025-02-13 09:37:37
554,169,27,5,281.7,1408.5,2025-03-11 17:34:01
555,189,41,6,266.76,1600.56,2024-11-21 17:02:38
556,100,136,6,393.07,2358.42,2024-12-07 04:51:30
557,192,61,6,113.44,680.64,2024-12-08 00:51:00
558,60,107,6,302.83,1816.98,2025-05-16 16:19:01
559,14,123,9,92.14,829.26,2025-05-14 17:30:07
560,89,132,7,38.36,268.52,2024-11-30 16:16:44
561,132,90,5,72.33,361.65,2025-03-10 04:40:57
562,94,130,4,369.26,1477.04,2025-05-20 21:53:54
563,45,8,4,251.75,1007.0,2024-08-11 16:34:09
564,115,140,8,93.48,747.84,2024-07-11 11:53:35
565,37,145,7,353.88,2477.16,2024-11-04 14:10:47
566,111,132,9,38.36,345.24,2025-02-23 01:26:40
567,116,134,2,236.58,473.16,2025-03-27 15:05:39
568,125,59,8,380.38,3043.04,2025-04-11 06:03:54
569,14,68,9,96.69,870.21,2024-12-11 11:57:31
570,139,98,1,184.08,184.08,2024-09-02 04:43:52
571,34,29,6,291.73,1750.38,2025-04-24 21:27:41
572,92,136,3,393.07,1179.21,2024-08-21 16:10:50
573,63,113,4,114.04,456.16,2024-12-11 13:18:16
574,79,13,5,181.77,908.85,2024-10-22 20:17:48
575,111,3,2,6.73,13.46,2024-09-01 19:24:59
576,57,78,3,25.79,77.37,2024-09-29 16:50:13
577,58,45,1,442.38,442.38,2024-08-03 08:17:19
578,116,8,10,251.75,2517.5,2025-05-26 21:52:08
579,76,58,5,182.87,914.35,2024-12-09 17:00:15
580,47,5,1,411.17,411.17,2024-11-14 05:28:41
581,120,52,5,137.43,687.15,2024-11-13 10:20:28
582,23,144,3,249.35,748.05,2025-05-07 19:31:41
583,10,145,7,353.88,2477.16,2025-03-19 12:25:30
584,9,121,2,427.07,854.14,2024-06-16 14:00:49
585,93,43,3,202.96,608.88,2025-04-23 07:05:46
586,117,148,7,262.24,1835.68,2024-08-30 09:20:39
587,108,59,6,380.38,2282.28,2024-07-04 09:26:31
588,60,55,10,205.67,2056.7,2025-02-27 13:39:02
589,33,40,3,463.97,1391.91,2025-03-15 22:47:21
590,72,22,9,208.14,1873.26,2024-10-07 14:10:37
591,19,93,7,491.0,3437.0,2024-12-10 00:34:56
592,66,38,4,67.02,268.08,2025-06-11 05:33:20
593,77,18,8,364.28,2914.24,2025-03-19 10:14:03
594,131,123,6,92.14,552.84,2024-07-19 23:00:17
595,61,123,1,92.14,92.14,2025-05-21 11:36:06
596,12,63,1,353.86,353.86,2024-09-10 12:12:07
597,154,96,9,300.8,2707.2,2024-10-01 00:14:36
598,34,132,5,38.36,191.8,2024-12-05 04:32:35
599,89,51,4,58.33,233.32,2024-07-23 22:42:46
600,133,102,5,312.89,1564.45,2024-11-06 03:18:29
601,9,57,7,366.24,2563.68,2024-10-08 12:07:10
602,169,41,10,266.76,2667.6,2024-07-17 18:20:43
603,5,50,9,244.8,2203.2,2024-07-22 16:30:40
604,34,86,4,51.77,207.08,2025-01-16 05:42:08
605,16,90,9,72.33,650.97,2025-04-01 16:14:02
606,73,55,7,205.67,1439.69,2024-12-07 04:50:58
607,38,40,10,463.97,4639.7,2024-10-27 23:29:02
608,76,43,8,202.96,1623.68,2024-09-07 18:12:08
609,94,96,1,300.8,300.8,2024-10-27 21:27:57
610,49,24,3,402.56,1207.68,2025-03-18 05:19:57
611,71,50,9,244.8,2203.2,2024-10-20 02:23:33
612,120,150,6,374.15,2244.9,2025-01-31 22:42:21
613,80,31,10,186.34,1863.4,2024-09-23 06:43:42
614,35,127,4,263.98,1055.92,2024-11-26 13:56:28
615,188,68,4,96.69,386.76,2024-11-20 23:21:21
616,20,88,10,496.69,4966.9,2025-04-08 09:03:23
617,7,128,5,247.25,1236.25,2025-01-06 06:32:34
618,67,16,5,401.82,2009.1,2025-06-02 18:51:20
619,39,61,3,113.44,340.32,2024-08-13 14:31:06
620,184,148,4,262.24,1048.96,2025-05-26 15:39:42
621,55,82,10,152.93,1529.3,2025-05-15 06:44:32
622,118,50,10,244.8,2448.0,2024-07-13 09:20:02
623,197,61,10,113.44,1134.4,2025-03-06 04:03:24
624,109,93,4,491.0,1964.0,2025-04-05 01:55:00
625,43,118,6,176.92,1061.52,2024-06-13 18:39:55
626,157,116,4,65.12,260.48,2024-12-10 14:37:14
627,40,17,3,206.19,618.57,2025-04-04 06:05:33
628,94,113,2,114.04,228.08,2024-11-15 21:54:04
629,12,23,10,289.92,2899.2,2025-01-04 13:02:31
630,149,67,10,414.71,4147.1,2024-07-24 01:17:31
631,181,50,4,244.8,979.2,2024-06-13 12:56:59
632,45,85,2,418.74,837.48,2025-05-25 09:02:09
633,196,137,3,415.48,1246.44,2025-03-22 02:41:58
634,128,80,8,184.31,1474.48,2025-02-11 01:38:54
635,106,141,10,377.76,3777.6,2025-02-19 20:04:19
636,149,7,8,206.25,1650.0,2024-12-28 14:53:31
637,150,35,4,339.94,1359.76,2025-04-22 02:31:30
638,48,142,4,314.91,1259.64,2025-04-28 12:44:26
639,133,6,9,451.62,4064.58,2024-07-24 19:16:58
640,78,68,2,96.69,193.38,2025-03-17 01:13:20
641,161,18,7,364.28,2549.96,2025-02-20 11:19:06
642,12,46,9,478.27,4304.43,2025-01-26 22:43:10
643,174,114,8,428.44,3427.52,2025-03-10 00:44:49
644,198,4,4,263.43,1053.72,2024-12-20 08:58:32
645,117,12,6,30.46,182.76,2024-10-14 20:20:23
646,146,60,4,289.4,1157.6,2025-01-02 12:13:43
647,139,136,2,393.07,786.14,2024-11-12 18:46:35
648,165,6,3,451.62,1354.86,2024-09-25 13:53:40
649,154,31,2,186.34,372.68,2024-08-08 08:12:36
650,129,56,1,428.53,428.53,2024-09-24 18:02:53
651,120,73,6,301.26,1807.56,2024-08-19 02:12:33
652,64,86,5,51.77,258.85,2024-08-19 11:51:54
653,73,75,7,142.21,995.47,2024-11-03 20:44:10
654,169,49,6,84.13,504.78,2025-03-17 10:08:39
655,171,74,6,366.4,2198.4,2024-07-22 02:06:28
656,66,114,6,428.44,2570.64,2025-03-02 13:38:28
657,116,5,2,411.17,822.34,2025-03-31 23:02:57
658,127,94,8,185.42,1483.36,2024-10-10 13:00:03
659,36,107,4,302.83,1211.32,2024-11-04 19:32:02
660,120,107,8,302.83,2422.64,2024-09-08 14:15:02
661,122,32,2,486.86,973.72,2024-11-15 03:23:43
662,79,124,2,368.42,736.84,2024-11-30 12:24:41
663,166,34,1,18.62,18.62,2025-01-04 05:05:08
664,46,26,5,326.35,1631.75,2024-11-10 11:21:09
665,76,141,3,377.76,1133.28,2024-11-06 23:07:37
666,89,73,2,301.26,602.52,2024-10-30 16:58:18
667,74,88,5,496.69,2483.45,2024-07-21 04:09:54
668,102,8,4,251.75,1007.0,2024-09-16 05:20:49
669,4,26,7,326.35,2284.45,2024-11-30 13:12:25
670,146,139,6,102.5,615.0,2024-09-09 06:52:02
671,194,85,4,418.74,1674.96,2025-03-04 00:16:45
672,75,85,8,418.74,3349.92,2025-02-26 11:17:18
673,111,55,9,205.67,1851.03,2025-05-20 19:31:20
674,145,27,9,281.7,2535.3,2025-01-26 16:59:04
675,83,33,4,293.29,1173.16,2024-11-09 23:53:54
676,13,5,3,411.17,1233.51,2024-12-22 13:18:10
677,151,131,2,220.62,441.24,2025-02-07 13:32:50
678,186,28,5,121.14,605.7,2025-05-20 08:50:10
679,116,96,5,300.8,1504.0,2025-05-07 18:14:01
680,37,32,1,486.86,486.86,2024-11-27 02:38:47
681,117,8,3,251.75,755.25,2024-12-08 01:17:16
682,191,55,1,205.67,205.67,2025-02-26 12:44:57
683,45,45,10,442.38,4423.8,2025-03-08 20:09:58
684,82,13,6,181.77,1090.62,2025-03-08 04:27:05
685,151,21,6,341.49,2048.94,2025-04-09 21:27:56
686,20,17,6,206.19,1237.14,2024-08-03 22:30:51
687,145,2,2,409.82,819.64,2025-05-16 12:46:39
688,143,105,7,303.61,2125.27,2024-10-20 01:19:38
689,166,71,1,83.04,83.04,2024-06-25 08:25:57
690,182,104,10,159.39,1593.9,2024-10-19 18:35:38
691,10,115,4,53.9,215.6,2025-04-14 15:58:08
692,78,132,8,38.36,306.88,2024-09-04 09:17:24
693,89,148,5,262.24,1311.2,2025-03-29 03:02:46
694,107,74,10,366.4,3664.0,2024-11-03 00:20:44
695,191,142,6,314.91,1889.46,2025-02-19 02:39:08
696,114,90,1,72.33,72.33,2025-06-06 07:28:50
697,41,59,5,380.38,1901.9,2024-10-29 22:26:05
698,141,123,10,92.14,921.4,2025-02-05 17:47:32
699,12,22,4,208.14,832.56,2025-05-18 16:18:13
700,75,75,7,142.21,995.47,2025-02-06 12:31:03
701,156,109,10,231.2,2312.0,2025-04-07 08:38:12
702,138,129,7,141.28,988.96,2024-12-26 21:09:50
703,71,77,3,283.19,849.57,2025-06-03 09:47:30
704,175,29,9,291.73,2625.57,2025-04-16 09:49:41
705,55,94,9,185.42,1668.78,2024-08-06 07:20:15
706,145,53,5,28.08,140.4,2025-03-23 11:40:46
707,29,134,6,236.58,1419.48,2024-11-05 12:56:29
708,137,133,6,215.29,1291.74,2025-01-11 17:10:51
709,48,104,4,159.39,637.56,2025-05-08 11:13:12
710,169,38,7,67.02,469.14,2024-10-14 08:24:45
711,66,1,1,397.11,397.11,2025-04-04 14:46:19
712,107,23,4,289.92,1159.68,2024-06-16 14:39:07
713,40,53,1,28.08,28.08,2024-11-09 11:34:09
714,73,12,8,30.46,243.68,2025-03-15 05:50:20
715,12,100,10,483.01,4830.1,2024-11-27 05:47:56
716,125,84,5,8.79,43.95,2024-09-02 02:19:28
717,163,30,1,356.97,356.97,2024-07-20 05:07:22
718,184,106,3,440.86,1322.58,2025-03-02 12:19:01
719,76,41,6,266.76,1600.56,2024-10-01 07:46:22
720,119,132,3,38.36,115.08,2024-11-06 21:30:33
721,196,21,6,341.49,2048.94,2024-12-25 16:22:08
722,72,92,4,411.3,1645.2,2024-08-18 22:43:36
723,37,98,4,184.08,736.32,2025-03-02 17:44:06
724,175,3,3,6.73,20.19,2025-03-23 11:28:55
725,107,89,8,227.31,1818.48,2025-01-03 19:55:05
726,80,91,2,236.07,472.14,2025-01-26 05:48:49
727,19,55,5,205.67,1028.35,2025-04-24 06:32:12
728,138,86,10,51.77,517.7,2024-09-03 08:02:08
729,194,98,5,184.08,920.4,2025-01-23 03:50:13
730,106,123,6,92.14,552.84,2025-04-30 19:31:12
731,83,113,1,114.04,114.04,2024-09-11 00:32:05
732,128,102,7,312.89,2190.23,2025-03-22 03:27:56
733,69,132,10,38.36,383.6,2025-01-10 14:56:37
734,22,49,5,84.13,420.65,2024-07-06 16:00:01
735,29,138,7,356.85,2497.95,2024-09-14 11:25:09
736,11,119,3,305.04,915.12,2024-11-29 20:15:50
737,25,8,9,251.75,2265.75,2025-02-15 19:47:25
738,147,16,7,401.82,2812.74,2024-09-12 18:18:37
739,2,123,6,92.14,552.84,2024-08-29 09:36:16
740,112,104,3,159.39,478.17,2025-04-01 22:09:19
741,176,143,6,146.54,879.24,2025-04-26 06:22:25
742,24,19,5,214.27,1071.35,2024-12-13 23:58:33
743,195,114,9,428.44,3855.96,2024-08-05 04:14:20
744,114,111,6,311.14,1866.84,2025-05-01 01:50:13
745,55,116,2,65.12,130.24,2024-09-12 08:15:08
746,135,5,6,411.17,2467.02,2025-02-16 18:45:00
747,162,131,5,220.62,1103.1,2025-02-24 13:02:40
748,120,9,2,370.78,741.56,2024-06-17 00:36:54
749,79,39,5,127.39,636.95,2024-06-22 16:38:47
750,161,120,8,12.68,101.44,2025-02-14 18:57:31
751,24,44,6,18.94,113.64,2025-04-13 15:24:29
752,153,57,8,366.24,2929.92,2024-12-10 22:54:37
753,72,57,4,366.24,1464.96,2024-09-14 02:36:35
754,77,114,10,428.44,4284.4,2025-05-17 20:22:20
755,163,128,1,247.25,247.25,2025-03-30 01:24:26
756,37,6,2,451.62,903.24,2025-05-25 16:28:24
757,129,84,8,8.79,70.32,2024-06-20 04:43:59
758,40,128,4,247.25,989.0,2024-08-21 12:36:53
759,173,12,5,30.46,152.3,2025-02-04 13:06:51
760,160,108,1,411.58,411.58,2025-05-28 07:24:28
761,136,21,1,341.49,341.49,2025-03-08 19:58:56
762,43,150,4,374.15,1496.6,2025-05-25 07:55:05
763,54,28,8,121.14,969.12,2025-01-30 11:03:48
764,125,131,8,220.62,1764.96,2024-08-19 15:30:46
765,89,48,5,367.89,1839.45,2025-03-13 06:56:44
766,138,65,3,329.21,987.63,2025-03-17 06:26:01
767,28,73,10,301.26,3012.6,2025-03-31 09:21:01
768,179,142,10,314.91,3149.1,2025-03-26 22:36:31
769,148,137,8,415.48,3323.84,2024-12-01 23:41:15
770,60,136,10,393.07,3930.7,2025-02-23 13:14:03
771,62,32,9,486.86,4381.74,2024-09-12 14:34:01
772,77,20,2,126.11,252.22,2024-09-22 07:33:51
773,81,30,9,356.97,3212.73,2024-10-27 03:37:21
774,157,69,4,227.23,908.92,2024-07-22 20:53:02
775,91,74,6,366.4,2198.4,2025-04-28 01:45:11
776,51,130,8,369.26,2954.08,2025-04-23 23:54:36
777,144,82,5,152.93,764.65,2025-02-23 05:25:22
778,69,127,4,263.98,1055.92,2024-09-03 07:44:57
779,198,48,10,367.89,3678.9,2025-03-07 19:03:47
780,88,20,3,126.11,378.33,2024-11-01 14:43:23
781,118,94,10,185.42,1854.2,2024-10-24 00:56:19
782,19,128,2,247.25,494.5,2024-08-12 11:24:43
783,32,3,4,6.73,26.92,2025-01-25 03:14:34
784,8,4,8,263.43,2107.44,2024-09-12 00:37:08
785,156,16,10,401.82,4018.2,2024-12-13 18:25:39
786,81,54,4,194.43,777.72,2025-05-12 21:05:01
787,83,59,9,380.38,3423.42,2025-05-15 13:48:30
788,182,11,7,29.31,205.17,2025-02-09 19:28:09
789,45,119,3,305.04,915.12,2024-10-27 01:53:25
790,148,32,7,486.86,3408.02,2024-06-24 18:26:48
791,80,83,8,169.97,1359.76,2024-10-29 07:44:54
792,80,80,4,184.31,737.24,2024-08-05 16:52:34
793,163,100,10,483.01,4830.1,2024-09-04 06:13:42
794,49,7,9,206.25,1856.25,2025-01-30 18:08:49
795,79,53,5,28.08,140.4,2025-05-02 18:31:59
796,175,142,4,314.91,1259.64,2024-09-03 21:26:00
797,32,5,5,411.17,2055.85,2024-07-21 06:22:06
798,143,97,10,178.73,1787.3,2025-03-06 03:44:41
799,12,23,2,289.92,579.84,2025-05-30 23:07:57
800,129,129,5,141.28,706.4,2024-08-02 09:13:55
801,57,119,1,305.04,305.04,2024-10-07 13:00:14
802,39,121,4,427.07,1708.28,2025-02-10 18:46:24
803,181,121,1,427.07,427.07,2025-02-13 06:45:04
804,63,149,6,421.86,2531.16,2024-07-08 22:29:15
805,35,60,10,289.4,2894.0,2024-09-15 09:23:19
806,18,68,8,96.69,773.52,2024-08-25 11:00:49
807,62,11,7,29.31,205.17,2025-02-09 23:43:47
808,102,56,7,428.53,2999.71,2024-07-19 11:06:24
809,121,38,8,67.02,536.16,2024-06-29 15:02:32
810,108,108,4,411.58,1646.32,2025-01-14 18:02:35
811,143,135,1,477.42,477.42,2024-08-27 20:39:58
812,200,109,5,231.2,1156.0,2024-07-09 01:09:29
813,116,140,9,93.48,841.32,2025-05-22 18:29:46
814,61,29,6,291.73,1750.38,2025-04-27 17:36:18
815,104,116,8,65.12,520.96,2024-07-13 03:36:30
816,185,91,8,236.07,1888.56,2025-04-28 05:45:15
817,163,38,10,67.02,670.2,2024-09-19 09:41:18
818,66,4,5,263.43,1317.15,2025-04-26 05:13:30
819,16,74,4,366.4,1465.6,2024-07-12 07:20:54
820,164,46,1,478.27,478.27,2024-10-07 19:39:30
821,66,68,6,96.69,580.14,2024-07-11 18:37:40
822,188,34,1,18.62,18.62,2025-03-08 11:14:25
823,23,47,9,427.72,3849.48,2025-03-01 15:39:36
824,1,102,3,312.89,938.67,2025-05-13 20:57:37
825,59,70,7,415.66,2909.62,2024-09-26 18:04:21
826,70,72,10,103.07,1030.7,2024-12-05 06:20:51
827,110,127,9,263.98,2375.82,2025-06-02 13:26:53
828,154,108,10,411.58,4115.8,2024-10-13 12:13:10
829,61,74,4,366.4,1465.6,2025-02-26 00:16:14
830,184,4,8,263.43,2107.44,2024-06-22 11:31:25
831,58,19,3,214.27,642.81,2024-06-27 02:10:49
832,165,99,10,7.97,79.7,2025-05-30 15:02:04
833,48,116,2,65.12,130.24,2025-02-07 17:05:00
834,101,7,2,206.25,412.5,2024-06-21 09:39:51
835,108,72,8,103.07,824.56,2025-01-03 08:43:35
836,15,33,6,293.29,1759.74,2024-08-22 22:15:28
837,200,82,1,152.93,152.93,2024-12-09 06:51:38
838,104,20,8,126.11,1008.88,2024-09-17 20:19:57
839,188,149,3,421.86,1265.58,2024-08-02 15:35:01
840,172,73,5,301.26,1506.3,2024-12-12 08:57:44
841,141,64,9,279.5,2515.5,2025-05-24 01:35:24
842,128,24,8,402.56,3220.48,2025-05-09 18:55:42
843,171,133,4,215.29,861.16,2024-07-18 10:09:06
844,45,105,4,303.61,1214.44,2024-08-19 20:17:41
845,149,51,1,58.33,58.33,2024-08-27 19:44:13
846,173,5,7,411.17,2878.19,2024-11-22 05:42:49
847,116,40,7,463.97,3247.79,2024-07-21 20:40:04
848,112,48,1,367.89,367.89,2025-03-07 22:54:20
849,84,135,6,477.42,2864.52,2024-06-18 08:12:24
850,63,120,3,12.68,38.04,2024-08-29 12:35:26
851,50,62,2,379.43,758.86,2025-06-05 00:56:59
852,146,123,4,92.14,368.56,2024-09-07 09:52:10
853,81,100,2,483.01,966.02,2025-04-04 14:51:22
854,127,133,6,215.29,1291.74,2025-04-30 20:05:41
855,45,13,1,181.77,181.77,2025-03-18 17:38:10
856,175,4,7,263.43,1844.01,2024-11-08 15:48:43
857,145,71,3,83.04,249.12,2024-07-04 17:36:09
858,161,68,9,96.69,870.21,2024-09-24 03:20:24
859,47,64,7,279.5,1956.5,2025-01-26 15:33:13
860,47,138,10,356.85,3568.5,2025-04-07 00:02:54
861,163,28,3,121.14,363.42,2024-10-30 15:15:16
862,7,80,9,184.31,1658.79,2024-09-04 09:51:34
863,125,81,5,60.94,304.7,2024-09-25 22:17:40
864,164,104,6,159.39,956.34,2024-09-27 11:32:50
865,151,126,7,439.84,3078.88,2024-12-06 16:55:48
866,128,143,5,146.54,732.7,2025-02-28 07:05:10
867,131,126,1,439.84,439.84,2024-12-01 17:31:40
868,14,71,2,83.04,166.08,2024-08-14 14:09:18
869,54,64,4,279.5,1118.0,2025-05-30 18:41:48
870,168,58,8,182.87,1462.96,2024-11-13 19:29:54
871,64,140,3,93.48,280.44,2025-05-01 17:29:05
872,163,90,3,72.33,216.99,2024-10-25 03:54:07
873,198,82,10,152.93,1529.3,2024-10-09 16:51:24
874,111,58,3,182.87,548.61,2024-07-25 12:35:19
875,77,47,8,427.72,3421.76,2024-10-11 13:38:56
876,41,116,6,65.12,390.72,2024-09-17 20:07:29
877,175,130,9,369.26,3323.34,2025-05-16 20:25:14
878,12,60,6,289.4,1736.4,2024-12-10 20:18:14
879,134,86,6,51.77,310.62,2024-10-30 02:17:18
880,193,83,2,169.97,339.94,2025-02-03 03:33:26
881,178,24,4,402.56,1610.24,2025-05-09 07:20:44
882,146,143,9,146.54,1318.86,2025-02-09 22:40:02
883,52,117,3,237.06,711.18,2024-10-11 21:05:48
884,100,9,8,370.78,2966.24,2024-08-25 05:13:24
885,173,132,6,38.36,230.16,2025-04-13 07:30:16
886,114,106,5,440.86,2204.3,2024-09-26 15:32:01
887,132,55,7,205.67,1439.69,2025-01-09 23:50:13
888,170,18,5,364.28,1821.4,2024-12-31 22:06:17
889,148,30,1,356.97,356.97,2024-10-27 13:03:47
890,97,65,2,329.21,658.42,2025-02-14 22:30:52
891,142,47,1,427.72,427.72,2024-12-06 01:42:41
892,101,73,8,301.26,2410.08,2024-06-17 14:06:25
893,135,77,3,283.19,849.57,2025-01-15 02:24:02
894,152,35,3,339.94,1019.82,2024-08-18 14:19:53
895,16,70,7,415.66,2909.62,2024-07-17 02:19:20
896,49,95,2,83.54,167.08,2024-12-31 17:11:37
897,20,92,3,411.3,1233.9,2024-06-28 09:29:51
898,6,77,6,283.19,1699.14,2024-06-21 17:06:22
899,174,53,7,28.08,196.56,2025-04-05 04:55:54
900,195,77,5,283.19,1415.95,2025-01-16 13:26:07
901,91,118,10,176.92,1769.2,2024-12-12 13:41:05
902,104,15,8,331.07,2648.56,2025-02-11 03:48:10
903,96,145,7,353.88,2477.16,2025-05-17 10:10:57
904,129,23,4,289.92,1159.68,2024-08-28 07:31:31
905,152,115,5,53.9,269.5,2024-06-21 01:21:18
906,58,150,6,374.15,2244.9,2024-09-17 14:26:36
907,26,136,9,393.07,3537.63,2024-09-02 00:59:17
908,103,6,1,451.62,451.62,2024-09-14 15:03:14
909,11,115,2,53.9,107.8,2025-01-28 01:40:05
910,121,124,1,368.42,368.42,2025-04-22 03:24:10
911,66,93,2,491.0,982.0,2024-10-14 01:10:21
912,90,115,7,53.9,377.3,2024-08-20 01:19:12
913,126,65,2,329.21,658.42,2024-09-13 00:07:16
914,109,87,6,154.18,925.08,2025-03-09 16:39:16
915,66,85,10,418.74,4187.4,2024-11-28 05:59:34
916,179,121,4,427.07,1708.28,2025-04-26 14:40:30
917,43,37,8,135.58,1084.64,2024-08-28 21:40:53
918,24,114,3,428.44,1285.32,2025-03-01 23:00:56
919,176,24,1,402.56,402.56,2024-08-11 04:37:06
920,88,105,8,303.61,2428.88,2025-05-03 16:44:56
921,108,15,1,331.07,331.07,2024-09-10 22:19:42
922,173,124,2,368.42,736.84,2025-03-29 00:16:13
923,140,68,6,96.69,580.14,2024-11-22 10:28:44
924,44,78,6,25.79,154.74,2024-07-15 06:46:37
925,7,148,8,262.24,2097.92,2024-07-31 10:46:42
926,142,139,2,102.5,205.0,2024-10-11 12:13:03
927,82,33,9,293.29,2639.61,2024-10-23 18:39:13
928,68,42,10,57.64,576.4,2025-01-31 12:01:32
929,138,109,2,231.2,462.4,2024-10-14 01:03:53
930,114,120,6,12.68,76.08,2024-12-02 10:16:17
931,175,126,8,439.84,3518.72,2025-05-24 12:01:58
932,93,29,5,291.73,1458.65,2024-10-05 18:30:48
933,83,54,5,194.43,972.15,2024-07-31 16:57:01
934,167,8,2,251.75,503.5,2024-12-11 15:20:52
935,13,127,5,263.98,1319.9,2024-08-29 03:35:38
936,133,112,6,206.56,1239.36,2024-09-22 00:59:59
937,67,31,6,186.34,1118.04,2024-08-12 05:03:07
938,11,33,6,293.29,1759.74,2025-05-31 11:58:24
939,181,24,10,402.56,4025.6,2025-06-10 18:39:15
940,165,84,10,8.79,87.9,2024-09-12 06:58:43
941,120,48,1,367.89,367.89,2025-03-12 23:10:49
942,140,70,9,415.66,3740.94,2024-08-01 12:11:31
943,93,36,10,425.2,4252.0,2025-05-11 08:26:06
944,26,7,8,206.25,1650.0,2024-07-29 04:34:27
945,20,52,1,137.43,137.43,2025-04-06 02:24:40
946,4,143,8,146.54,1172.32,2025-01-18 11:35:38
947,188,10,6,471.81,2830.86,2024-08-09 09:36:42
948,5,43,5,202.96,1014.8,2025-03-13 03:46:38
949,196,137,9,415.48,3739.32,2025-01-21 14:31:53
950,138,40,1,463.97,463.97,2025-04-20 01:00:47
951,144,117,7,237.06,1659.42,2025-05-09 06:22:02
952,141,84,10,8.79,87.9,2025-05-31 04:52:57
953,31,133,5,215.29,1076.45,2024-09-21 18:14:42
954,147,114,8,428.44,3427.52,2025-05-24 13:53:20
955,67,7,1,206.25,206.25,2024-12-06 10:54:26
956,28,25,3,335.86,1007.58,2024-09-19 13:49:25
957,86,22,3,208.14,624.42,2024-08-31 08:34:54
958,91,100,3,483.01,1449.03,2025-03-04 10:46:28
959,94,90,4,72.33,289.32,2024-10-30 11:39:16
960,57,43,7,202.96,1420.72,2025-01-25 12:34:36
961,167,101,2,326.87,653.74,2024-08-24 18:05:39
962,164,43,10,202.96,2029.6,2025-02-28 05:04:39
963,12,111,8,311.14,2489.12,2025-03-12 17:35:15
964,59,122,1,22.42,22.42,2025-03-29 04:35:49
965,118,55,6,205.67,1234.02,2024-12-04 11:28:48
966,101,71,7,83.04,581.28,2025-05-05 23:30:58
967,57,103,8,211.09,1688.72,2024-12-25 07:09:47
968,108,131,9,220.62,1985.58,2024-12-08 13:42:44
969,26,72,1,103.07,103.07,2024-09-15 13:34:53
970,80,45,1,442.38,442.38,2024-07-05 22:22:35
971,38,41,7,266.76,1867.32,2024-06-16 17:10:25
972,114,76,4,277.18,1108.72,2024-10-14 08:28:30
973,47,79,6,481.46,2888.76,2024-09-17 12:02:43
974,103,6,9,451.62,4064.58,2024-08-21 18:25:54
975,128,48,10,367.89,3678.9,2025-01-24 06:54:50
976,130,10,4,471.81,1887.24,2025-04-20 08:15:55
977,75,98,8,184.08,1472.64,2024-11-09 21:33:17
978,69,86,4,51.77,207.08,2024-09-15 00:46:42
979,170,5,5,411.17,2055.85,2024-06-24 04:06:21
980,138,41,9,266.76,2400.84,2024-07-16 11:30:10
981,187,15,4,331.07,1324.28,2024-10-25 18:09:57
982,41,150,10,374.15,3741.5,2024-12-29 23:38:17
983,138,2,5,409.82,2049.1,2025-04-16 13:52:14
984,148,116,8,65.12,520.96,2025-01-17 16:19:59
985,183,99,10,7.97,79.7,2025-02-10 19:44:08
986,196,43,9,202.96,1826.64,2024-07-08 19:32:04
987,179,8,4,251.75,1007.0,2025-05-29 01:15:30
988,95,132,4,38.36,153.44,2025-03-31 04:54:29
989,38,143,1,146.54,146.54,2025-01-16 18:43:17
990,10,11,5,29.31,146.55,2024-10-08 07:42:59
991,14,17,1,206.19,206.19,2025-04-29 19:52:32
992,171,6,6,451.62,2709.72,2024-09-24 05:40:20
993,169,78,7,25.79,180.53,2025-01-20 18:49:39
994,146,131,2,220.62,441.24,2025-03-24 17:47:13
995,102,34,5,18.62,93.1,2025-05-11 20:23:54
996,175,132,10,38.36,383.6,2024-09-12 06:54:09
997,114,137,3,415.48,1246.44,2025-01-05 20:46:14
998,141,44,7,18.94,132.58,2024-11-04 12:30:14
999,90,1,10,397.11,3971.1,2024-12-02 20:41:01
1000,108,94,1,185.42,185.42,2024-07-31 07:28:09
